id,unidade,uf,modalidade,numero_licitacao,data_abertura,situacao,dd,telefone,fax,objeto
1,Sebrae,PR,Leilao," 02/2016",2016-11-21,"Em Andamento",--,--   ,N/A,"ALIENACAO DE VEICULO DA FROTA DO SEBRAE/PR (DUSTER MODELO 2.0 4X4)."
2,Sebrae,DF,"Pregao Presencial"," 024/2016",2016-11-17,"Em Andamento",61,(61)   ,N/A,"Contratacao de servicos de assessoria de comunicacao e imprensa."
3,Sebrae,AC,"Pregao Presencial"," 16/2016",2016-11-16,"Em Andamento",68,(68)321621,N/A,"Contratacao de empresa para prestacao de servico de transporte de passageiros em veiculo de aluguel a taximetro - Taxi convencional, na modalidade requisicao previa por voucher, para atender ao SEBRAE/AC."
4,Sebrae,AC,"Pregao Presencial"," 17/2016",2016-11-14,"Em Andamento",68,(68)321621,N/A,"Contratacao de empresa (s) para prestacao de servicos de impressao e reprografia, com cessao gratuita dos equipamentos e fornecimento de todos os insumos necessarios para a realizacao dos servicos incluindo os papeis, para atender as demandas do SEBRAE/AC."
5,Sebrae,MA,"Pregao Presencial"," 015",2016-11-11,"Em Andamento",98,(98)321661,N/A,"EXCLUSIVO PARA MICROEMPRESAS E EMPRESAS DE PEQUENO PORTE - Contratacao de empresa especializada para fornecimento de data show, ensejando o atendimento das demandas em servico deste SEBRAE-MA/SEDE, conforme especificacoes constantes do Edital e seus anexos"
6,Sebrae,CE,"Pregao Presencial"," 031/2016",2016-11-10,"Em Andamento",85,(85)325568,N/A,"Registro de precos para prestacao de servicos graficos de interesse do SEBRAE/CE - CE  Confeccao de material grafico para o Programa Jovens Empreendedores Primeiros Passos (JEPP) e para o Programa de Educacao Executiva do SEBRAE/CE, com itens exclusivos para ME/EPP."
7,Sebrae,PR,"Pregao Presencial"," 74/2016",2016-11-09,"Em Andamento",41,(41)333057,N/A,"REGISTRO DE PRECO PARA PRESTACAO DE SERVICOS DE COFFEE BREAK PARA ATENDER AS DEMANDAS DO ESCRITORIO DO SEBRAE/PR EM JACAREZINHO."
8,Sebrae,MT,"Pregao Presencial"," 056/2016",2016-11-09,"Em Andamento",65,(65)364812,N/A,"Contratacao de empresa especializada para realizar coleta, analise e emitir laudo referente a agua da lagoa de tratamento sanitario e da agua do reservatorio oriunda da fonte de distribuicao municipal, ambas do CENTRO DE EVENTOS DO PANTANAL em Cuiaba-MT, pelo periodo de 12 (doze) meses, conforme esp"
9,Sebrae,PR,"Pregao Presencial"," 73/2016",2016-11-08,"Em Andamento",41,(41)333057,N/A,"REGISTRO DE PRECO PARA PRESTACAO DE SERVICOS DE COFFEE BREAK PARA ATENDER AS DEMANDAS DO ESCRITORIO DO SEBRAE/PR EM APUCARANA."
10,Sebrae,PR,"Pregao Presencial"," 75/2016",2016-11-08,"Em Andamento",41,(41)333057,N/A,"REGISTRO DE PRECO PARA PRESTACAO DE SERVICOS DE COFFEE BREAK PARA ATENDER AS DEMANDAS DO ESCRITORIO DO SEBRAE/PR EM ARAPONGAS."
11,Sebrae,PR,"Pregao Presencial"," 76/2016",2016-11-08,"Em Andamento",41,(41)333058,N/A,"CONTRATACAO DE EMPRESA PARA PRESTACAO DE SERVICOS DE COPEIRA, SERVICOS GERAIS E LIMPEZA E CONSERVACAO PREDIAL, COM FORNECIMENTO DE MATERIAIS E EQUIPAMENTOS DE LIMPEZA PARA O ESCRITORIO DO SEBRAE/PR EM POTA GROSSA."
12,Sebrae,MT,"Pregao Eletronico"," 054/2016",2016-11-08,"Em Andamento",65,(65)364812,N/A,"Aquisicao de 17 (dezessete) computadores tipo DESKTOP, para atendimento as necessidades de Sede e Agencias do SEBRAE/MT no que se refere ao GAP de quantidade e substituicao por obsolescencia, conforme especificacoes constantes no edital e seus anexos."
13,Sebrae,PR,"Pregao Presencial"," 72/2016",2016-11-07,"Em Andamento",41,(41)333057,N/A,"AQUISICAO DE NOBREAK TRIFASICO 40 KVA (OU PROXIMA) TIPO MODULAR PARA O SEBRAE/PR."
14,Sebrae,PR,"Pregao Presencial"," 68/2016",2016-11-07,"Em Andamento",41,(41)333058,N/A,"PRESTACAO DE SERVICO CONTINUO DE GERENCIAMENTO DO ABASTECIMENTO E MANUTENCAO DOS VEICULOS DA FROTA DO SEBRAE/PR, MEDIANTE UTILIZACAO DE CARTOES MAGNETICOS (OU SIMILAR)."
15,Sebrae,RO,"Pregao Presencial"," 19/2016 RONDÔNIA",2016-11-07,"Em Andamento",69,(69)321738,N/A,"Contratacao de empresa especializada no fornecimento de lanches tipo coffee break/Brunch/Almoco/Jantar, sob demanda, para atender os municipios de abrangencia da Sede do SEBRAE/RO, a saber: Porto Velho (incluindo seus distritos), Candeias do Jamari e Itapua do Oeste, conforme especificacoes e quanti"
16,Sebrae,MT,"Pregao Presencial"," 055/2016",2016-11-04,"Em Andamento",65,(65)364812,N/A,"REGISTRO DE PRECOS para Contratacao de empresa especializada no Fornecimento de materiais de expediente e escritorio SOB DEMANDA para atendimento as necessidades da Agencia do SEBRAE/MT em RONDONOPOLIS pelo periodo de 12 (doze) meses, conforme especificacoes contidas neste instrumento convocatorio e"
17,Sebrae,BA,"Pregao Eletronico"," 003/2016",2016-11-04,"Em Andamento",71,(71)332044,N/A,"Contratacao de empresa especializada para prestacao de servicos de clipping: monitoramento, selecao, classificacao, disponibilizacao e analise de noticias sobre ou do interesse do Sebrae Bahia, veiculadas em meios impressos (jornais e revistas), online (sites e blogs) e eletronico (televisao e radio"
18,Sebrae,MT,"Pregao Presencial"," 052/2016",2016-11-04,"Em Andamento",65,(65)364812,N/A,"REGISTRO DE PRECOS para Contratacao de pessoa juridica especializada na prestacao de servicos SOB DEMANDA de LOCACAO DE EQUIPAMENTOS DE SONORIZACAO, PROJECAO E VIDEO, EQUIPAMENTOS DE INFORMATICA, ILUMINACAO, FILMAGEM para atendimento a eventos realizados pela AGENCIA DO SEBRAE/MT em RONDONOPOLIS/MT "
19,Sebrae,MT,"Pregao Presencial"," 029/2016",2016-11-03,"Em Andamento",65,(65)364812,N/A,"Registro de Precos para Contratacao de pessoa juridica especializada no Fornecimento de Combustiveis SOB DEMANDA para atendimento aos veiculos pertencentes a frota da Agencia do SEBRAE/MT em RONDONOPOLIS pelo periodo de 12 (doze) meses, conforme especificacoes contidas neste instrumento convocatorio"
20,Sebrae,BA,"Pregao Presencial"," 016/2016",2016-11-03,"Em Andamento",71,(71)332044,N/A,"Contratacao de empresa(s) especializada(s) para fornecimento de materiais de limpeza e copa, sob demanda, de acordo com as especificacoes previstas e detalhadas neste Termo de Referencia, para atender as necessidades do SEBRAE/BA."
21,Sebrae,AC,"Pregao Presencial"," 30/2016 SRP",2016-11-03,"Em Andamento",68,(68)321621,N/A,"Contratacao de pessoa juridica para a prestacao dos Servicos de Confeccao de Material Promocional (camiseta, camisa, avental, colete, bone), para atender as necessidades do SEBRAE/AC, no municipio de Rio Branco e nas Regionais do Alto Acre, Baixo Acre, Purus, Tarauaca/Envira e Jurua."
22,Sebrae,PR,"Pregao Presencial"," 80/2016",2016-11-03,"Em Andamento",41,(41)333058,N/A,"PRESTACAO DE SERVICOS DE LIMPEZA E CONSERVACAO PREDIAL, PORTARIA, COPEIRA E SERVICOS GERAIS COM FORNECIMENTO DE MATERIAIS DE LIMPEZA E EQUIPAMENTOS NA CIDADE DE CURITIBA."
23,Sebrae,RO,"Pregao Presencial"," 021/2016 RONDONIA",2016-11-01,"Em Andamento",69,(69)321738,N/A,"Registro de Preco para Aquisicao de equipamentos de ergonomia, necessarios para a promocao da qualidade de vida no trabalho na organizacao, de acordo com os quantitativos, as especificacoes minimas e demais condicoes gerais dispostas neste edital e anexos."
24,Sebrae,AC,"Pregao Presencial"," 29/2016 SRP",2016-11-01,"Em Andamento",68,(68)321621,N/A,"Contratacao de empresa especializada para confeccao e fornecimento de carimbos em plastico com reabastecimento automatico e similares, alem de confeccao de chaves, copias, encaderna-coes, plastificacoes e outros servicos diversos, sob demanda, para suprir as demandas do SE-BRAE/AC, conforme as espec"
25,Sebrae,BA,"Pregao Presencial","  014/2016",2016-10-31,"Em Andamento",71,(71)332044,N/A,"Contratacao de empresa especializada na prestacao de servico de gestao patrimonial, compreendendo a realizacao de inventario fisico e financeiro anual do SEBRAE/BA, com a identificacao e classificacao dos bens existentes em todas as Unidades."
26,Sebrae,BA,"Pregao Presencial"," 015/2016",2016-10-31,"Em Andamento",71,(71)332044,N/A,"Contratacao, sob demanda, de empresa especializada no fornecimento de equipamentos e execucao dos servicos de implantacao do Sistema de Registro Eletronico de Ponto - SREP, atraves de equipamento Registrador Eletronico de Ponto - REP, nas dependencias dos escritorios do SEBRAE/BA (ANEXO III  QUADRO "
27,Sebrae,MA,"Pregao Presencial"," 014/2016",2016-10-31,"Em Andamento",98,(98)321661,N/A,"Contratacao de empresa especializada para prestacao de servico de Comunicacao Visual do ambiente para realizacao do Evento TECH NORDESTE 2016 que sera realizada no periodo de 16 a 18 de novembro de 2016 no Centro de Convencoes Pedro Neiva de Santana, a Av. Jeronimo de Albuquerque, no 2876  Sitio Ran"
28,Sebrae,MT,Concorrencia," 002/2016",2016-10-31,"Em Andamento",65,(65)364812,N/A,"Contratacao de empresa especializada em Servicos de REFORMA E ADAPTACAO PREDIAL, incluindo fornecimento de mao-de-obra e todo material necessario a completa execucao dos servicos a fim de prover a adaptacao da acessibilidade do predio do Centro SEBRAE de Sustentabilidade a Norma ABNT 9050:2015 as ad"
29,Sebrae,AC,"Pregao Presencial"," 13/2016 AC",2016-10-28,"Em Andamento",68,(68)321621,N/A,"Contratacao de pessoa juridica para realizar Estudo tributario sobre o segmento de cosmetico na Amazonia para identificar legislacoes estaduais, municipais e federais e seus gargalos, com proposicao de solucoes tributarias voltadas ao desenvolvimento do referido segmento para os Estados AC, AM, AP, "
30,Sebrae,MA,Convite," 007/2016 ",2016-10-28,"Em Andamento",98,(98)321661,N/A,"Contratacao de empresa especializada para prestacao de servico de montagem, locacao de mobiliarios, ambientacao e desmontagem do layout, bem como toda a ambientacao para o TECH NORDESTE 2016 que sera realizada no periodo de 16 a 18 de novembro de 2016, em Sao Luis/MA, conforme especificacoes constan"
31,Sebrae,AM,"Pregao Presencial"," 024/16",2016-10-27,"Em Andamento",92,(92)212173,N/A,"Contratacao de Pessoa Juridica especializada em prestacao de servico para provimento de link de servico de internet com velocidade de no minimo 512 Kbps, com fornecimento minimo de 6 IPs publicos, com latencia inferior a 250 ms, nos municipios de Manacapuru, Itacoatiara, Parintins, Tefe, Coari e Tab"
32,Sebrae,RR,"Pregao Eletronico"," 043/2016",2016-10-27,"Em Andamento",95,(95)212180,N/A,"Contratacao de empresa especializada para prestacao de servicos de locacao de tendas por demanda, incluindo a montagem, desmontagem e transporte na capital e interior."
33,Sebrae,GO,"Pregao Eletronico"," 019/2016",2016-10-27,"Em Andamento",62,(62)325024,N/A,"Contratacao de empresa de Assistencia Odontologica, para prestacao de servicos, sob demanda, na modalidade de pre-pagamento, com Rede Referenciada ou Contratada, em todo o territorio nacional, conforme Termo de Referencia constante do Anexo I do correspondente Edital."
34,Sebrae,MS,"Pregao Presencial"," 019/2016 ",2016-10-25,"Em Andamento",67,(67)338954,N/A,"Contratacao de empresa especializada para prestacao de servicos de reforma nas instalacoes prediais do SEBRAE/MS Regional Oeste  Corumba/MS"
35,Sebrae,AL,"Pregao Eletronico"," 09/2016 ",2016-10-24,"Em Andamento",82,(82)400917,N/A,"Contratar empresa especializada em telecomunicacoes, a fim de prestar os servicos de telefonia fixa comutada  STFC, mediante prestacao dos servicos telefonicos locais e longa distancia nacional - LDN, para atender as necessidades da sede do SEBRAE/AL em Maceio/AL e do escritorio regional em Arapirac"
36,Sebrae,AC,"Pregao Presencial"," 27/2016 SRP",2016-10-24,"Em Andamento",68,(68)321621,N/A,"Contratacao de empresa especializada em servicos de Seguranca Armada, sob demanda, destinada a Seguranca Patrimonial dos imoveis, instalacoes fisicas e bens diversos dos/em eventos realizados pelo SEBRAE/AC"
37,Sebrae,MT,"Pregao Presencial"," 051/2016",2016-10-21,"Em Andamento",65,(65)364812,N/A,"Contratacao de empresa especializada em Locacao Mensal de CACAMBAS TIRA ENTULHO grande de 6,0 m3, para atendimento ao Centro de Eventos do Pantanal em Cuiaba/MT  SEBRAE/MT, pelo periodo de 12 meses, podendo ser prorrogado por mais 48 meses"
38,Sebrae,AC,"Pregao Presencial"," 28/2016 SRP",2016-10-21,"Em Andamento",68,(68)321621,N/A,"Contratacao de empresa para prestacao de servico de lavagem geral com cera dos veiculos locados ou da frota propria do SEBREA/AC."
39,Sebrae,MS,"Pregao Eletronico"," 021/2016 ",2016-10-20,"Em Andamento",67,(67)338954,N/A,"Registro de precos para aquisicao imediata e tambem sob demanda futura, de equipamentos eletronicos tais como: televisor LED, projetor multimidia, caixa de som, microfones, fragmentador de papel, suporte para televisor, suporte para projetor, tela de projecao, tripe para caixa de som, purificador de"
40,Sebrae,RO,"Pregao Eletronico"," 12/2016 RONDÕNIA",2016-10-20,"Em Andamento",69,(69)321738,N/A,"Contratacao de empresa para o fornecimento de copo ecologico de papel de 110ml (descartaveis biodegradaveis), sob demanda, para atender os municipios de abrangencia do SEBRAE/RO, conforme descricoes e caracteristicas constantes neste Edital e anexos."
41,Sebrae,MA,Convite," 005/2016 ",2016-10-19,"Em Andamento",98,(98)321661,N/A,"Contratacao de empresa especializada para execucao de servicos de adaptacao do Nucleo de Atendimento Empresarial Barreirinhas (NAE Barreirinhas), conforme especificacoes constantes do edital e seus anexos"
42,Sebrae,ES,"Pregao Eletronico"," PE 022/2016",2016-10-18,"Em Andamento",27,(27)304155,N/A,"Contratacao de empresa para extensao de Garantia Servidores DELL, conforme quantidades e especificacoes tecnicas constantes no Anexo I (termo de referencia) deste edital."
43,Sebrae,MG,"Pregao Presencial"," 021/2016",2016-10-18,"Em Andamento",--,--   ,N/A,"Contratacao de empresa(s), em regime de nao exclusividade, para fornecimento de materiais de limpeza, copa e refeitorio, conforme informacoes constantes no Anexo I  Especificacoes Tecnicas Minimas dos Materiais, parte integrante deste Instrumento Convocatorio"
44,Sebrae,MG,"Pregao Presencial"," 020/2016 ",2016-10-18,"Em Andamento",--,--   ,N/A,"Contratacao de empresa, em regime de nao exclusividade, para fornecimento de materiais de escritorio - IV, conforme informacoes constantes no Anexo I  Especificacoes Tecnicas Minimas dos Produtos, parte integrante deste Instrumento Convocatorio"
45,Sebrae,CE,Concorrencia," 001/2016",2016-10-18,"Em Andamento",85,(85)325568,N/A,"Contratacao de pessoa juridica apta a prestacao de servicos de engenharia - reforma para o Nucleo de Atendimento do SEBRAE/CE, localizado na Avenida Monsenhor Tabosa, 777, Praia de Iracema, Fortaleza, Ceara, com subcontratacao de ate 30% (trinta por cento) de Microempresas  ME, Empresas de Pequeno P"
46,Sebrae,PR,Leilao," 02/2016",2016-10-17,"Em Andamento",41,(41)333058,N/A,"ALIENACAO DE VEICULO DA FROTA DO SEBRAE/PR"
47,Sebrae,RO,"Pregao Eletronico"," 020/2016 RONDÔNIA",2016-10-17,"Em Andamento",69,(69)321738,N/A,"Contratacao de pessoa juridica para prestacao de servicos de consultoria visando identificar, mapear, racionalizar e padronizar os processos e documentos de gestao do SEBRAE/RO, incluindo seus detalhamentos, conforme detalhamentos e especificacoes constantes no Edital e anexos."
48,Sebrae,RO,"Pregao Presencial"," 020/2016 RONDÔNIA",2016-10-14,"Em Andamento",69,(69)321738,N/A,"A presente licitacao tem por objeto de Registro de Preco para futura e eventual aquisicao de materiais promocionais, sob demanda, para confeccao dos materiais padrao: camisetas e bones, atendendo as necessidades do SEBRAE/RO, conforme especificacoes e quantitativos constantes no Edital e Anexos, sem"
49,Sebrae,ES,"Pregao Eletronico"," PE 021/2016",2016-10-13,"Em Andamento",27,(27)304155,N/A,"Contratacao de empresa para o fornecimento de agua mineral natural acondicionada em garrafoes de 20 litros, a serem fornecidos em regime de comodato pela licitante vencedora do certame, e agua mineral natural acondicionada em garrafas de 500 mililitros (com e sem gas), durante o periodo de 12 (doze)"
50,Sebrae,RJ,"Pregao Presencial"," 33/2016",2016-10-11,"Em Andamento",--,--   ,N/A,"Contratacao de empresa especializada na locacao de equipamentos do tipo PABX hibrido (IP/TDM), para a Central de Atendimento (Call Center), e conexao de links de comunicacao de voz de operadoras, do tipo entroncamento E1, destinado ao trafego de chamadas entre a rede publica de telefonia para a Sede"
51,Sebrae,RO,"Pregao Eletronico"," 16/2016 RONDÔNIA",2016-10-07,"Em Andamento",69,(69)321738,N/A,"Contratacao de empresa especializada para prestacao de servicos de administracao, gerenciamento, emissao e fornecimento de documentos de legitimacao  auxilio alimentacao e refeicao, na forma de cartao magnetico com chip que possibilitem a aquisicao de generos alimenticios in natura atraves de rede d"
52,Sebrae,AC,"Pregao Presencial"," 26/2016 SRP",2016-10-07,"Em Andamento",68,(68)321621,N/A,"Aquisicao de cadeiras tipo diretor, para atender as demanda do SEBRAE/AC"
53,Sebrae,MG,"Pregao Presencial"," 019/2016 ",2016-10-05,"Em Andamento",--,--   ,N/A,"Contratacao de empresa, em regime de nao exclusividade, para fornecimento de agua mineral, conforme informacoes constantes no Anexo I  Especificacoes Tecnicas Minimas dos Produtos, parte integrante do Instrumento Convocatorio."
54,Sebrae,AC,"Pregao Presencial"," 23/2016 SRP",2016-09-29,"Em Andamento",68,(68)321621,N/A,"Prestacao de Servicos de IMPRESSAO e ENTREGA DE MATERIAIS (CADERNO DE FERRAMENTAS) do Programa Negocio a Negocio, para atender as necessidades do SEBRAE/AC."
55,Sebrae,MA,Convite," 003/2016 ",2016-09-29,"Em Andamento",98,(98)321661,N/A,"Contratacao de empresa especializada para execucao de servicos de adaptacao e ampliacao da sala destinada ao Conselho Deliberativo Estadual do SEBRAE/MA (CDE/MA), localizada no 3o piso do Edificio Sede do SEBRAE/MA, situado na Avenida Professor Carlos Cunha, no bairro Jaracaty, s/no, Sao Luis/MA, be"
56,Sebrae,AC,"Pregao Presencial"," 24/2016 SRP",2016-09-29,"Em Andamento",68,(68)321621,N/A,"Prestacao dos servicos de confeccao de material promocional (criacao, producao, reproducao, montagem e desmontagem) para atender as necessidades do SEBRAE/AC."
57,Sebrae,RJ,"Pregao Presencial"," 32/2016",2016-09-28,"Em Andamento",--,--   ,N/A,"Contratacao de empresa prestadora de Servicos de Assistencia Odontologica com Rede Referenciada ou Contratada, por adesao, em todo o territorio nacional, destinada aos Empregados do Sebrae/RJ, seus Diretores e respectivos Dependentes, conforme as informacoes constantes no Anexo I  Termo de Referenci"
58,Sebrae,MT,"Pregao Presencial"," 035/2016",2016-09-21,"Em Andamento",65,(65)364812,N/A,"Contratacao de empresa especializada em servicos de manutencao preventiva e corretiva dos aparelhos de ar-condicionado para atendimento as demandas do Centro Sebrae de Sustentabilidade e ao Centro de Eventos do Pantanal em Cuiaba/MT pelo periodo de 12 meses, conforme especificacoes contidas neste in"
59,Sebrae,PR,Concorrencia," 02/2016",2016-09-19,"Em Andamento",41,(41)333057,N/A,"PRESTACAO DE SERVICOS PARA REALIZACAO DE PESQUISAS, ESTUDOS, PERFIS, DIAGNOSTICOS, SONDAGENS SOCIOECONOMICAS, PROSPECCOES DE MERCADO, CADASTRO E PESQUISAS GEOR."
60,Sebrae,RJ,"Pregao Eletronico"," 26/2016",2016-09-15,"Em Andamento",--,--   ,N/A,"Contratacao de empresa para locacao de equipamento de informatica, incluindo instalacao, manutencao e assistencia tecnica."
61,Sebrae,BA,"Pregao Presencial"," 012/2016",2016-09-15,"Em Andamento",71,(71)332044,N/A,"Contratacao de empresa especializada em producao de conteudo audiovisual (videos) para web, sobre temas a serem indicados pelo Sebrae Bahia, ligados a Gestao de Negocios."
62,Sebrae,MG,"Pregao Presencial"," 018/2016 ",2016-09-14,"Em Andamento",--,--   ,N/A,"Contratacao de empresa especializada, em regime de nao exclusividade, para prestacao de servicos de operacao, manutencao preventiva e corretiva dos sistemas de climatizacao das Unidades do SEBRAE-MG instaladas no Municipio de Belo Horizonte - MG, sem fornecimento de pecas, incluindo tratamento quimi"
63,Sebrae,RJ,"Pregao Eletronico"," 31/2016",2016-09-13,"Em Andamento",--,--   ,N/A,"Contratacao de servico especializado de Solucao Integrada de BigData e Geomarketing  denominada pelo Sebrae/RJ de Mapa de Oportunidades com o proposito de oferecer informacao qualificada e estrategica para o desenvolvimento de pequenos negocios e apoiar o planejamento do atendimento do Sebrae/RJ."
64,Sebrae,BA,Concorrencia," 002/2016",2016-09-09,"Em Andamento",71,(71)332045,N/A,"Contratacao de empresa especializada na prestacao de servicos de assessoria de imprensa e producao jornalistica para atender o Sebrae/BA em todo o estado, e eventualmente fora deste,  de acordo com as especificacoes dispostas no Projeto Basico."
65,Sebrae,RJ,"Pregao Presencial"," 23/2016",2016-09-08,"Em Andamento",--,--   ,N/A,"Contratacao de empresa especializada para prestacao de servicos de armazenagem, manuseio e controle de estoque de materiais didaticos e institucionais (livros, apostilas e informativos), alem de materiais permanentes  armazenados, conforme as informacoes constantes do Anexo I  Termo de Referencia."
66,Sebrae,BA,Concorrencia," 001/2016",2016-09-05,"Em Andamento",71,(71)332044,N/A,"Servico de mao de obra terceirizada nas areas de limpeza, conservacao, conferencia, recepcao, portaria, logistica, entre outros, conforme especificacoes constantes do Projeto Basico."
67,Sebrae,RR,Pre-qualificacao,"qualificação ",2016-08-31,"Em Andamento",95,(95)212180,N/A,"Doacao de bens."
68,Sebrae,GO,"Pregao Eletronico"," 016/2016",2016-08-23,"Em Andamento",62,(62)325024,N/A,"Contratacao de empresa especializada na prestacao de servicos de apoio administrativo para o SEBRAE/GO."
69,Sebrae,RJ,"Pregao Presencial"," 29/2016",2016-08-10,"Em Andamento",--,--   ,N/A,"Aquisicao de cadeiras de escritorio giratorias, incluidos os servicos de montagem e transporte."
70,Sebrae,RJ,"Pregao Eletronico"," 25/2016",2016-08-09,"Em Andamento",--,--   ,N/A,"Registro de Precos para o fornecimento, sob demanda, de material de expediente."
71,Sebrae,MG,"Pregao Presencial"," 016",2016-07-21,"Em Andamento",--,--   ,N/A,"Contratacao de empresa, em regime de nao exclusividade, para fornecimento de material de higiene pessoal para o SEBRAE-MG, conforme especificacoes tecnicas dos materiais constantes no Anexo I  Especificacoes Tecnicas dos Materiais, parte integrante deste Instrumento Convocatorio"
72,Sebrae,PR,"Pregao Presencial"," 51/2016",2016-07-12,"Em Andamento",41,(41)333059,N/A,"REGISTRO DE PRECO PARA O FORNECIMENTO DE FERRAMENTA DE GESTAO E DE ENVIO DE E-MAIL MARKETING PARA ATENDER AS NECESSIDADES DO SEBRAE/PR."
73,Sebrae,AC,Convite," 02/2016 ",2016-07-07,"Em Andamento",68,(68)321621,N/A,"Contratacao de empresa de engenharia para manutencao e reparo das instalacoes do espaco SEBRAE, no Parque de Exposicao Marechal Castelo Branco, localizado em Rio Branco-AC."
74,Sebrae,MG,"Pregao Presencial"," 013",2016-07-01,"Em Andamento",--,--   ,N/A,"Contratacao de empresa(s), em regime de nao exclusividade, para prestacao de servicos graficos - II, conforme informacoes constantes no Anexo I  Especificacoes Tecnicas Minimas dos Materiais, parte integrante deste Instrumento Convocatorio"
75,Sebrae,MG,"Pregao Presencial"," 012",2016-06-28,"Em Andamento",--,--   ,N/A,"Contratacao de empresa, em regime de nao exclusividade, para prestacao servicos de conservacao e limpeza, jardinagem, recepcao, copa, servicos de continuos (Office boy/mensageiros), portaria, vigia, manobrista de veiculos, zeladoria e apoio nas atividades de almoxarifado, com fornecimento de materia"
76,Sebrae,MG,Concorrencia," 011/2016 ",2016-06-27,"Em Andamento",--,--   ,N/A,"Contratacao de empresa especializada, em regime de nao exclusividade, para construcao, fornecimento e implantacao de sistemas de infraestrutura para o Data Center, compreendendo a elaboracao de projetos executivos, estrutura dos sistemas de energia eletrica e climatizacao de alta disponibilidade; il"
77,Sebrae,RJ,"Pregao Eletronico"," 19",2016-06-16,"Em Andamento",--,--   ,N/A,"Aquisicao, por lotes, de materiais e insumos para compor os Kits de Producao Agroecologica Integrada e Sustentavel  PAIS, a serem utilizados nos municipios de Angra dos Reis e Duque de Caxias."
78,Sebrae,AL,Credenciamento," 02/2016 ",2016-06-01,"Em Andamento",82,(82)400917,N/A,"Credenciar pessoas juridicas voltadas a ciencia, pesquisa, tecnologia e inovacao, para prestar servicos de consultoria tecnologica, na forma estabelecida no ato convocatorio, de acordo com a descricao das modalidades de atuacao listadas e especificadas no Regulamento do Programa Sebrae de Consultori"
79,Sebrae,PR,Leilao," 01/2016",2016-05-31,"Em Andamento",41,(41)333058,N/A,"ALIENACAO DE VEICULOS USADOS DA FROTA SEBRAE/PR."
80,Sebrae,PR,"Pregao Presencial"," 40/2016",2016-05-30,"Em Andamento",--,--   ,N/A,"REGISTRO DE PRECO PARA A PRESTACAO DE SERVICO DE CONFECCAO, MANUSEIO E FORNECIMENTO DE MATERIAIS PROMOCIONAIS PARA ATENDER AS NECESSIDADES DO SEBRAE/PR."
81,Sebrae,AL,Leilao," 01/2016 ",2016-05-12,"Em Andamento",82,(82)400917,N/A,"Alienar veiculo automotor pertencente ao SEBRAE/AL conforme Anexo Unico do edital."
82,Sebrae,MG,"Pregao Presencial"," 010",2016-05-10,"Em Andamento",--,--   ,N/A,"Contratacao de empresa(s), em regime de nao exclusividade, para fornecimento de produtos alimenticios (suco em po e biscoito), conforme informacoes constantes no Anexo I  Especificacoes Tecnicas Minimas dos Produtos, parte integrante deste Instrumento Convocatorio"
83,Sebrae,MG,"Pregao Presencial"," 009",2016-05-05,"Em Andamento",--,--   ,N/A,"Contratacao de empresa especializada, em regime de nao exclusividade, para fornecimento de cortinas do tipo rolo, compreendendo a entrega, instalacao, suporte, manutencao e garantia, para o SEBRAE-MG - II, conforme informacoes constantes no Anexo I  Especificacoes Tecnicas Minimas dos Materiais e Se"
84,Sebrae,MG,"Pregao Presencial"," 008",2016-04-29,"Em Andamento",--,--   ,N/A,"Contratacao de empresa, em regime de nao exclusividade, para fornecimento de materiais de escritorio - II, conforme informacoes constantes no Anexo I  Especificacoes Tecnicas Minimas dos Materiais, parte integrante deste Instrumento Convocatorio."
85,Sebrae,MG,"Pregao Presencial"," 006",2016-03-29,"Em Andamento",--,--   ,N/A,"Contratacao de empresa, em regime de nao exclusividade, para prestacao de servicos tecnicos especializados de TEF (Transferencia Eletronica de Fundos) dedicado e conciliacao eletronica, 24 horas por dia, integrado ao sistema de vendas ou loja virtual do SEBRAE-MG, na modalidade hospedagem em Datacen"
86,Sebrae,MG,"Pregao Presencial"," 003",2016-03-22,"Em Andamento",--,--   ,N/A,"Contratacao de empresa especializada, em regime de nao exclusividade, para fornecimento de cortinas do tipo rolo, compreendendo a entrega, instalacao, suporte, manutencao e garantia, para o SEBRAE-MG, conforme informacoes constantes no Anexo I  Especificacoes Tecnicas Minimas dos Materiais e Servico"
87,Sebrae,MG,"Pregao Presencial"," 005",2016-03-22,"Em Andamento",--,--   ,N/A,"Contratacao de empresa especializada, em regime de nao exclusividade, para fornecimento de mobiliario corporativo (mesas de treinamento rebativel), compreendendo a entrega, montagem, instalacao completa deste e garantia, para atender as necessidades do novo predio de ampliacao da Sede do SEBRAE/MG, "
88,Sebrae,MG,"Pregao Presencial"," 004",2016-03-21,"Em Andamento",--,--   ,N/A,"Contratacao de empresa especializada, em regime de nao exclusividade, para prestacao de servicos de operacao de seguro de vida em grupo para empregados, estagiarios, Diretores e Presidente do Conselho Deliberativo do SEBRAE-MG, conforme discriminado nos subitens abaixo elencados e de acordo com o An"
89,Sebrae,MG,"Pregao Presencial"," 002",2016-02-25,"Em Andamento",--,--   ,N/A,"Contratacao de empresa(s), em regime de nao exclusividade, para prestacao de servicos graficos, conforme informacoes constantes no Anexo I  Especificacoes Tecnicas Minimas dos Materiais, parte integrante deste Instrumento Convocatorio. "
90,Sebrae,MG,"Pregao Presencial"," 001",2016-02-24,"Em Andamento",--,--   ,N/A,"Contratacao de empresa(s), em regime de nao exclusividade, para fornecimento de materiais de escritorio, conforme informacoes constantes no Anexo I  Especificacoes Tecnicas Minimas dos Materiais, parte integrante deste Instrumento Convocatorio. "
91,Sebrae,NA,"Pregao Eletronico"," 28/2015 ",2015-11-25,"Em Andamento",61,(61)334876,N/A,"Contratacao, sob demanda, de empresa para prestacao de servicos graficos de impressao de materiais didaticos e fornecimento de pen drives referente ao modulo Plano de Vida e Carreira do Pronatec Empreendedor, conforme especificacoes e quantidades do anexo I do edital. "
92,Sebrae,NA,"Pregao Presencial"," 36/2015 ",2015-11-24,"Em Andamento",61,(61)334876,N/A,"Contratacao de empresa seguradora no mercado nacional para emissao de apolice de seguro de responsabilidade civil de atuais e ex-executivos, denominada DO (Directors  Officers), para Conselheiros, Diretores, Administradores, Gestores do Sistema Sebrae, que compreende o SEBRAE/NA e as 27(vinte e sete"
93,Sebrae,NA,"Pregao Eletronico"," 26/2015 ",2015-11-20,"Em Andamento",61,(61)334876,N/A,"Contratacao de empresa de engenharia para prestacao de servicos, sob demanda, de revestimento autonivelante e revestimento epoxi (pintura), no Edificio Sede do SEBRAE/NA, conforme especificacoes constantes do Anexo I deste edital."
94,Sebrae,BA,Credenciamento," 002/2015",2015-11-16,"Em Andamento",71,(71)332044,N/A,"Chamada Publica destina-se a selecionar e apoiar, tecnica e financeiramente, propostas de parceria com Instituicoes de Ensino Superior  IES, com vistas a promocao da Educacao Empreendedora, conforme o Anexo I deste instrumento: Parcerias com Universidades e Instituicoes de Fomento a Pesquisa: orient"
95,Sebrae,NA,"Pregao Eletronico"," 25/2015 ",2015-11-04,"Em Andamento",61,(61)334876,N/A,"Contratacao de empresa especializada para impressao de materiais graficos e fornecimento de materiais de apoio, abrangendo servicos de manuseio e embalagem, para apoio ao Projeto No Campo, conforme especificacoes e quantidades do anexo I do edital. "
96,Sebrae,NA,"Pregao Eletronico"," 23/2015 ",2015-11-03,"Em Andamento",61,(61)334876,N/A,"Contratacao de empresa para prestacao de servicos de impressao grafica e fornecimento de materiais para atendimento do Projeto SEI, incluindo manuseio e embalagem, etiquetagem, conforme especificacoes do anexo I deste edital. "
97,Sebrae,NA,"Pregao Eletronico"," 24/2015 ",2015-11-03,"Em Andamento",61,(61)334876,N/A,"Contratacao de empresa para fornecimento e reproducao de DVDs e prestacao de servicos graficos de impressao de folder, pasta e lamina, abrangendo servicos de manuseio e embalagem, para atendimento do Programa nacional de Educacao Empreendedora - PNEE, conforme especificacoes e quantidades do anexo I"
98,Sebrae,NA,"Pregao Eletronico"," 22/2015 ",2015-10-19,"Em Andamento",61,(61)334876,N/A,"Contratacao de empresa para prestacao de servicos de impressao grafica e fornecimeto de Eco lapis, incluindo manuseio e embalagem,  conforme especificacoes do anexo I deste edital. "
99,Sebrae,NA,"Pregao Eletronico"," 21/2015 ",2015-10-13,"Em Andamento",61,(61)334876,N/A,"Contratacao de empresa para fornecimento de baterias dos Nobreaks que atendam o Sistema de Rede Estabilizada e o CPD do SEBRAE Nacional, na SGAS 605, em Brasilia, incluindo o recolhimento das baterias antigas, conforme especificacoes do anexo I deste edital. "
100,Sebrae,RJ,"Pregao Presencial"," 17/2015",2015-10-07,"Em Andamento",--,--   ,N/A,"Contratacao de empresa para prestacao dos servicos de manutencao preventiva e corretiva, instalacao e desinstalacao de aparelhos de ar condicionado, na Sede e Escritorios Regionais do Sebrae/RJ no municipio do Rio de Janeiro."
101,Sebrae,MG,Concorrencia," 022/2015",2015-10-05,"Em Andamento",--,--   ,N/A,"Contratacao de empresa(s), em regime de nao exclusividade, para prestacao de servicos de assessoria de imprensa para as Regionais do SEBRAE-MG, sob a supervisao da Assessoria de Imprensa do SEBRAE-MG, conforme especificado no Anexo I  Especificacoes Tecnicas dos Servicos, parte integrante deste Inst"
102,Sebrae,NA,"Pregao Presencial"," 34/2015 ",2015-09-22,"Em Andamento",61,(61)334876,N/A,"Contratacao de empresa especializada para confeccao, sob demanda, de materiais a serem utilizados nos eventos vinculados as finalidades institucionais e a missao do SEBRAE, compreendendo servicos graficos, fornecimento de pen drive, sacola, canetas e estojo para canetas, lapis e caderno espiral,  ob"
103,Sebrae,PR,"Pregao Presencial"," 50/2015",2015-09-21,"Em Andamento",41,(41)333058,N/A,"REGISTRO DE PRECO PARA AQUISICAO DE MOVEIS PADRAO SEBRAE/PR (ARAMARIOS, MESAS E GAVETEIROS)."
104,Sebrae,PR,"Pregao Presencial"," 49/2015",2015-09-10,"Em Andamento",41,(41)333058,N/A,"REGISTRO DE PRECO PARA PRESTACAO DE SERVICOS DE COFFEE BREAK PARA O ESCRITORIO DO SEBRAE/PR EM TOLEDO/PR."
105,Sebrae,NA,"Pregao Presencial"," 33/2015 ",2015-09-10,"Em Andamento",61,(61)334876,N/A,"Contratacao de empresa para prestacao de servicos, sob demanda, de transporte, acondicionamento, guarda e armazenagem de mobiliario e equipamentos eletricos e eletronicos."
106,Sebrae,PR,"Pregao Presencial"," 43/2015",2015-09-04,"Em Andamento",41,(41)333058,N/A,"REGISTRO DE PRECO PARA AQUISICAO DE PRODUTOS DESCARTAVEIS (COPOS E ESPATULAS) PARA O SEBRAE/PR."
107,Sebrae,PR,"Pregao Presencial"," 45/2015",2015-09-02,"Em Andamento",41,(41)333058,N/A,"PRESTACAO DE SERVICO CONTINUO DE GERENCIAMENTO DO ABASTECIMENTO E MANUTENCAO DOS VEICULOS DA FROTA DO SEBRAE/PR, MEDIANTE UTILIZACAO DE CARTOES MAGNETICOS OU SIMILAR."
108,Sebrae,NA,"Pregao Presencial"," 31/2015 ",2015-08-27,"Em Andamento",61,(61)334876,N/A,"Contratacao de empresa especializada para elaboracao de laudo atuarial referente a participacao do Sistema Sebrae no Plano de Previdencia Privada  SEBRAEPREV, conforme especificacoes constantes no Edital e seus anexos."
109,Sebrae,NA,"Pregao Presencial"," 30/2015 ",2015-08-26,"Em Andamento",61,(61)334876,N/A,"Contratacao de empresa seguradora para emissao de apolice de Seguro de Vida em Grupo, para empregados, diretores e estagiarios do Sebrae Nacional, conforme especificacoes constantes no Edital e seus anexos."
110,Sebrae,NA,"Pregao Eletronico"," 20/2015 ",2015-08-25,"Em Andamento",61,(61)334876,N/A,"Contratacao de empresa para fornecimento de baterias dos Nobreaks que atendam o Sistema de Rede Estabilizada e o CPD do SEBRAE Nacional, na SGAS 605, em Brasilia, incluindo o recolhimento das baterias antigas, conforme especificacoes do anexo I deste edital. "
111,Sebrae,NA,"Pregao Presencial"," 32/2015 ",2015-08-25,"Em Andamento",61,(61)334876,N/A,"Contratacao de empresa para o fornecimento, sob demanda de cartuchos e toners para impressoras em utilizacao no SEBRAE Nacional, conforme especificacoes e quantidades constantes do Anexo I deste Edital."
112,Sebrae,NA,Concorrencia," 08/2015 ",2015-08-24,"Em Andamento",61,(61)334871,N/A,"Contratacao de empresa para desenvolver, sob demanda, 60 (sessenta) conteudos educacionais na modalidade a distancia, via internet, a partir da transposicao de conteudos presenciais e da atualizacao de versoes online, para o publico externo, conforme as especificacoes constantes do Anexo I deste Edi"
113,Sebrae,NA,"Pregao Eletronico"," 19/2015 ",2015-08-12,"Em Andamento",61,(61)334876,N/A,"Aquisicao e manuseio de premios para os vencedores e participantes do Desafio Universitario Empreendedor 2015, conforme as especificacoes constantes do Anexo I deste Edital."
114,Sebrae,NA,Concorrencia," 09/2015 ",2015-07-30,"Em Andamento",61,(61)334871,N/A,"Contratacao de empresa para prestacao de servicos de manutencao predial preventiva e corretiva nas edificacoes da sede do SEBRAE, conforme especificacoes constantes do Anexo I deste edital."
115,Sebrae,NA,"Pregao Presencial"," 28/2015 ",2015-07-21,"Em Andamento",61,(61)334876,N/A,"Contratacao de empresa para prestacao de servicos de suporte ao usuario final do Sistema de Gestao do Programa Negocio a Negocio  SISNEG."
116,Sebrae,NA,"Pregao Presencial"," 29/2015 ",2015-07-20,"Em Andamento",61,(61)334876,N/A,"Aquisicao e manuseio de premios para os vencedores e participantes do Desafio Universitario Empreendedor 2015, conforme as especificacoes constantes do Anexo I deste Edital."
117,Sebrae,NA,"Pregao Presencial"," 27/2015",2015-07-16,"Em Andamento",61,(61)334871,N/A,"Contratacao de empresa especializada para prestar servicos de manutencao preventiva e corretiva dos elevadores instalados nos edificios do SEBRAE NACIONAL, conforme as especificacoes constantes do Anexo I deste Edital."
118,Sebrae,NA,"Pregao Presencial"," 24/2015 ",2015-07-15,"Em Andamento",61,(61)334871,N/A,"Contratacao de empresa para fornecimento de mobiliarios, poltronas decorativas, incluindo a assistencia tecnica, inclusive com a manutencao corretiva dos mobiliarios durante o periodo da garantia, conforme especificacoes e quantidades constantes do Anexo I deste Edital."
119,Sebrae,NA,"Pregao Eletronico"," 18/2015 ",2015-07-08,"Em Andamento",61,(61)334876,N/A,"Contratacao de empresa especializada para fornecimento de materiais promocionais para o projeto Desafio Universitario Empreendedor 2015 (Trofeus , Moletons e Camisetas). "
120,Sebrae,NA,"Pregao Presencial"," 25/2015 ",2015-07-03,"Em Andamento",61,(61)334876,N/A,"Aquisicao de licencas da plataforma OpenText e servicos de implantacao, integracoes, sustentacao e suporte para os modulos OpenText Workflow e OpenText Semantics."
121,Sebrae,NA,"Pregao Eletronico"," 16/2015 ",2015-06-30,"Em Andamento",61,(61)334876,N/A,"Contratacao de empresa especializada para impressao de materiais graficos para divulgacao e apoio ao projeto Desafio Universitario Empreendedor (cartazes, filipetas aluno, filipetas professor, certificados e credenciais), abrangendo servicos de impressao, manuseio, embalagem, etiquetagem e entrega d"
122,Sebrae,NA,"Pregao Eletronico"," 17/2015 ",2015-06-30,"Em Andamento",61,(61)334876,N/A,"Contratacao de empresa para fornecimento de canecas personalizadas, abrangendo servicos de manuseio e embalagem, para premiacao do Desafio Universitario Empreendedor, conforme especificacoes do edital e seus anexos. "
123,Sebrae,BA,Credenciamento," 002/2015",2015-06-15,"Em Andamento",71,(71)332045,N/A,"Credenciamento de Pessoas Juridicas para Prestacao de Servicos de Administracao dos recebimentos atraves de cartoes de credito e debito das receitas proprias do Sebrae/Bahia, contemplando captura, processamento e transmissao das transacoes."
124,Sebrae,NA,"Pregao Presencial"," 11/2015 ",2015-05-07,"Em Andamento",61,(61)334876,N/A,"Contratacao de 2 (duas) empresas para prestacao sob demanda de servicos especializados em design grafico compreendendo: diagramacao; editoracao; projeto grafico e design de material grafico e seus manuais; ilustracoes; fornecimento de imagens (banco de imagens); criacao de marcas e seus manuais de u"
125,Sebrae,NA,"Pregao Presencial"," 10/2015 ",2015-04-27,"Em Andamento",61,(61)334876,N/A,"Contratacao de empresa especializada na prestacao de servico de agenciamento de viagens nacionais e internacionais, compreendendo os servicos de reserva, marcacao, emissao, remarcacao e cancelamento de passagens aereas, rodoviarias, ferroviarias e maritimas nacionais e internacionais, para o SEBRAE "
126,Sebrae,BA,Credenciamento," 001/2015",2015-04-01,"Em Andamento",71,(71)332044,N/A,"Selecao de propostas de licenciamento de uso para a implantacao em 2015/2016, conforme cronograma item 7 deste Edital, do curso Jovens Empreendedores Primeiros Passos (JEPP), de titularidade do Servico Brasileiro de Apoio as Micro e Pequenas Empresas  SEBRAE, nas escolas publicas estaduais e municip"
127,Sebrae,MG,Convite," 007",2015-03-05,"Em Andamento",--,--   ,N/A,"Contratacao de empresa, em regime de nao exclusividade, para fornecimento de material de higiene para o SEBRAE-MG - II, conforme especificacoes tecnicas dos materiais constantes no Anexo I  Especificacoes Tecnicas dos Materiais, parte integrante do Instrumento Convocatorio. "
